Número,Fecha de entrega,Fecha de cierre,Prioridad,Estado,Título,Cerrado por,Nombre de Aplicación,Categoría del sitio,Bdo Tipo de Solicitud,Tipo solici,Tipo de Solicitud
"RF699325","29/04/25 10:24:20","02/05/25 11:58:20","4 - Baja","Cerrado","Desbloqueo de aplicativo","JSDIAZ","FIRST DATA","A","","",""
"RF699520","29/04/25 12:33:42","02/05/25 09:18:45","4 - Baja","Cerrado","ASIGNACION DE CLAVE MAILPOINT","JSDIAZ","MAILPOINT","A","","",""
"RF699819","29/04/25 16:53:16","06/05/25 14:49:45","4 - Baja","Cerrado","Solicitud de creación de usuario FirstData - FirstVision","JSDIAZ","FIRST VISION","A","","",""
"RF700695","02/05/25 08:56:25","05/05/25 08:40:49","4 - Baja","Cerrado","DESBLOQUEO ACCESO","JSDIAZ","FIRST VISION","A","","",""
"RF700696","02/05/25 08:56:28","02/05/25 11:54:47","4 - Baja","Cerrado","DESBLOQUEO APLICATIVO FD - UGR","JSDIAZ","FIRST DATA","A","","",""
"RF701095","02/05/25 15:14:39","08/05/25 15:18:36","4 - Baja","Cerrado","ASIGNACION DE CLAVE MAILPOINT","JSDIAZ","MAILPOINT","A","","",""
"RF704246","08/05/25 09:14:06","09/05/25 10:26:01","4 - Baja","Cerrado","SOLICITUD USUARIO FIRSDATA **UGR**","JSDIAZ","FIRST DATA","A","","",""
"RF704303","08/05/25 09:41:02","08/05/25 15:32:16","4 - Baja","Cerrado","CREACION DE USUARIOS FIRSDATA","JSDIAZ","FIRST VISION","A","","",""
"RF705210","09/05/25 11:26:28","12/05/25 08:40:33","4 - Baja","Cerrado","cambiar el rol actual que es UGR 1 a UGR 2","JSDIAZ","FIRST VISION","A","","",""
"RF707613","14/05/25 10:17:39","14/05/25 11:23:40","4 - Baja","Cerrado","DESBLOQUEO USUARIO","JSDIAZ","FIRST DATA","B","","",""
"RF716207","30/05/25 11:19:32","03/06/25 14:29:58","4 - Baja","Cerrado","DOCIT - SOLICITUD REACTIVACION USUARIO Y CLAVE MAILPOINT","JSDIAZ","MAILPOINT","A","","",""
"RF731696","04/07/25 15:11:15","11/07/25 08:44:04","4 - Baja","Cerrado","desbloqueo de usuario","JSDIAZ","SWIFT IZQUIERDO","A","","",""
"RF732390","07/07/25 14:27:28","07/07/25 17:06:05","4 - Baja","Cerrado","DESBLOQUEO MEC BACK OFFICE","JSDIAZ","MEC BACK OFFICE","A","","",""
"RF733523","09/07/25 10:02:14","10/07/25 16:52:02","4 - Baja","Cerrado","Debloquear usuario de Firts Vision con cambio de clave","JSDIAZ","FIRST VISION","A","","",""
"RF733671","09/07/25 11:37:39","10/07/25 16:50:07","4 - Baja","Cerrado","DESBLOQUEO CLAVE FIRST VISION","JSDIAZ","FIRST VISION","B","","",""
"RF733704","09/07/25 12:25:56","10/07/25 16:46:19","4 - Baja","Cerrado","Desbloquear Usuario - First Data","JSDIAZ","FIRST DATA","A","","",""
"RF733947","09/07/25 16:32:47","10/07/25 16:53:35","4 - Baja","Cerrado","DESBLOQUEO FIRST VISION","JSDIAZ","FIRST VISION","A","","",""
"RF734115","10/07/25 08:48:16","10/07/25 16:55:54","4 - Baja","Cerrado","DESBLOQUEO DE USUARIO Y CLAVE NUEVA","JSDIAZ","FIRST DATA","B","","",""
"RF734253","10/07/25 10:24:35","10/07/25 15:19:14","4 - Baja","Cerrado","buen dia agradezco su ayuda con el desbloqueo del usario de fisrtvision","JSDIAZ","FIRST VISION","A","","",""
"RF734286","10/07/25 10:43:18","11/07/25 10:42:33","4 - Baja","Cerrado","SOLICITUD DE DESBLOQUEO","JSDIAZ","FIRST DATA","A","","",""
"RF734546","10/07/25 15:00:25","10/07/25 15:29:58","4 - Baja","Cerrado","DESBLOQUEO USUARIO DE APLICATIVO FIRSTDATA","JSDIAZ","FIRST DATA","A","","",""
"RF734670","10/07/25 16:43:52","11/07/25 09:36:43","4 - Baja","Cerrado","DESBLOQUEO USUARIO FIRST VISION","JSDIAZ","FIRST VISION","A","","",""
"RF739165","21/07/25 14:48:30","18/02/26 16:57:47","4 - Baja","Cerrado","creacion del usuario de FD para ambiente de UAT","JSDIAZ","","A","Creacion","",""
"RF739469","22/07/25 08:57:21","30/07/25 14:44:26","4 - Baja","Cerrado","DESBLOQUEAR USUARIO OCCI_HNARANJO EN MAILPOINT","JSDIAZ","MAILPOINT","A","","",""
"RF744185","30/07/25 14:15:17","31/07/25 09:07:22","4 - Baja","Cerrado","ACTIVAR USUARIO MAILPOINT","JSDIAZ","MAILPOINT","A","","",""
"RF748176","07/08/25 08:36:25","21/08/25 12:19:17","4 - Baja","Cerrado","Cambio de Perfil liberador","JSDIAZ","SWIFT IZQUIERDO","A","","",""
"RF751521","14/08/25 15:42:53","21/08/25 10:36:17","4 - Baja","Cerrado","DESBLOQUEO USUARIO FIRS","JSDIAZ","FIRST DATA","A","","",""
"RF753066","20/08/25 10:00:28","21/08/25 10:29:40","4 - Baja","Cerrado","UGR - DESBLOQUEO DE USUARIO FIRST DATA","JSDIAZ","FIRST DATA","A","","",""
"RF753390","20/08/25 16:08:57","21/08/25 10:41:30","4 - Baja","Cerrado","DESBLOQUEO APLICATIVO FD - UGR","JSDIAZ","FIRST DATA","A","","",""
"RF753629","21/08/25 09:51:49","21/08/25 12:16:12","4 - Baja","Cerrado","UGR - desbloqueo de usuario","JSDIAZ","FIRST DATA","A","","",""
"RF757371","28/08/25 15:49:33","28/08/25 16:54:55","4 - Baja","Cerrado","DESBLOQUEO USUARIO FD","JSDIAZ","FIRST DATA","A","","",""
"RF761603","08/09/25 09:51:56","12/09/25 11:21:39","4 - Baja","Cerrado","Reset de token","JSDIAZ","SWIFT IZQUIERDO","A","","",""
"RF762104","09/09/25 08:07:07","10/09/25 14:22:03","4 - Baja","Cerrado","DESBLOQUEO DE FIRTS VISION","JSDIAZ","FIRST VISION","A","","",""
"RF762345","09/09/25 11:24:17","10/09/25 14:27:36","4 - Baja","Cerrado","DESBLOQUEO Y REASIGNACIÓN DE CLAVE","JSDIAZ","FIRST VISION","A","","",""
"RF762890","10/09/25 10:40:22","11/09/25 14:24:56","4 - Baja","Cerrado","Desbloquear usuario First Vision","JSDIAZ","FIRST VISION","A","","",""
"RF762955","10/09/25 11:38:23","10/09/25 14:33:33","4 - Baja","Cerrado","desbloqueo usuario","JSDIAZ","FIRST DATA","A","","",""
"RF763031","10/09/25 13:03:14","11/09/25 14:35:11","4 - Baja","Cerrado","DESBLOQUEO Y RESTABLECIMIENTO DE USUARIO","JSDIAZ","FIRST DATA","B","","",""
"RF763231","10/09/25 16:24:55","10/09/25 16:37:09","4 - Baja","Cerrado","Desbloquear usuario First Vision","JSDIAZ","FIRST VISION","A","","",""
"RF763284","10/09/25 16:53:30","11/09/25 09:51:56","4 - Baja","Cerrado","NEXABPO-DESBLOQUEO Y ASIGNACION DE NUEVA CONTRASEÑA","JSDIAZ","FIRST DATA","A","","",""
"RF763287","10/09/25 16:54:34","11/09/25 09:54:00","4 - Baja","Cerrado","ASIGNACION DE CONTRASEÑA","JSDIAZ","FIRST DATA","B","","",""
"RF763294","10/09/25 16:56:10","11/09/25 09:55:18","4 - Baja","Cerrado","NEXABPO_DESBLOQUEO Y ASIGNACION DE NUEVA CONTRASEÑA","JSDIAZ","FIRST DATA","A","","",""
"RF763312","10/09/25 17:04:54","11/09/25 14:36:59","4 - Baja","Cerrado","DESBLOQUEO FIRS DATA","JSDIAZ","FIRST DATA","B","","",""
"RF763324","10/09/25 17:14:59","11/09/25 14:43:11","4 - Baja","Cerrado","DESBLOQUEO Y RESTABLECIMIENTO DE USUARIO","JSDIAZ","FIRST DATA","B","","",""
"RF764323","12/09/25 14:56:45","16/09/25 14:01:07","4 - Baja","Cerrado","DESBLOQUEO APLICATIVO SWIFT","JSDIAZ","SWIFT IZQUIERDO","A","","",""
"RF768366","23/09/25 10:58:43","24/09/25 14:58:07","4 - Baja","Cerrado","Creación de usuario","JSDIAZ","MAILPOINT","A","","",""
"RF769080","24/09/25 11:11:05","10/10/25 10:49:52","4 - Baja","Cerrado","Creación de usuario","JSDIAZ","FIRST DATA","A","","",""
"RF769360","24/09/25 15:49:33","10/10/25 10:55:56","4 - Baja","Cerrado","CREACION USUARIO FIRSTDATA NEXA_BPO","JSDIAZ","FIRST DATA","A","","",""
"RF769817","25/09/25 12:09:52","10/10/25 10:59:16","4 - Baja","Cerrado","CRACION FIRST DATA","JSDIAZ","FIRST DATA","A","","",""
"RF769908","25/09/25 14:42:01","10/10/25 11:03:19","4 - Baja","Cerrado","Firsvision","JSDIAZ","FIRST VISION","A","","",""
"RF770006","25/09/25 15:54:22","25/09/25 16:15:23","4 - Baja","Cerrado","UGR** DESBLOQUEO USUARIO FD","JSDIAZ","FIRST DATA","A","","",""
"RF770055","25/09/25 16:19:47","25/09/25 16:54:18","4 - Baja","Cerrado","SOLICITUD DESBLOQUEAR APLICACIONES **UGR**","JZAMORANO","FIRST DATA","A","","",""
"RF770875","29/09/25 08:21:14","06/10/25 11:05:35","4 - Baja","Cerrado","NEXA Bpo Desbloqueo usuario First Data","JSDIAZ","FIRST DATA","A","","",""
"RF770938","29/09/25 08:59:20","06/10/25 11:06:57","4 - Baja","Cerrado","DESBLOQUEO FIRST","JSDIAZ","FIRST DATA","B","","",""
"RF771032","29/09/25 09:54:53","06/10/25 11:08:55","4 - Baja","Cerrado","DESBLOQUEO FIRSDATA","JSDIAZ","FIRST DATA","A","","",""
"RF771191","29/09/25 12:05:19","07/10/25 11:50:40","4 - Baja","Cerrado","DESBLOQUEO USUARIO FIRST DATA","JSDIAZ","FIRST DATA","B","","",""
"RF771398","29/09/25 15:58:06","06/10/25 11:11:24","4 - Baja","Cerrado","Desbloqueo firstdata","JSDIAZ","FIRST DATA","A","","",""
"RF771469","29/09/25 16:55:06","20/10/25 08:34:29","4 - Baja","Cerrado","Eliminacion de Usuarios  Nexa -  Aplicativo  Firts Vision","JSDIAZ","FIRST VISION","A","","",""
"RF771502","29/09/25 17:29:55","06/10/25 11:14:21","4 - Baja","Cerrado","DESBLOQUEAR FIRST DATA","JSDIAZ","FIRST DATA","B","","",""
"RF771639","30/09/25 09:21:57","06/10/25 11:18:20","4 - Baja","Cerrado","NEXA BPO DESBLOQUEO ASIGNACION NUEVA CONTRASEÑA FRIST","JSDIAZ","FIRST DATA","A","","",""
"RF771661","30/09/25 09:31:17","06/10/25 11:19:47","4 - Baja","Cerrado","Asignacion Nueva Contraseña","JSDIAZ","FIRST VISION","A","","",""
"RF771887","30/09/25 12:18:58","06/10/25 11:21:55","4 - Baja","Cerrado","DESBLOQUEO FIRST DARA","JSDIAZ","FIRST DATA","B","","",""
"RF772119","01/10/25 06:29:18","06/10/25 11:23:31","4 - Baja","Cerrado","Desbloqueo y asignación de clave","JSDIAZ","FIRST DATA","B","","",""
"RF772124","01/10/25 07:23:38","06/10/25 11:26:29","4 - Baja","Cerrado","DESBLOQUEO Y ASIGNACION DE NUEVA CONTRASEÑA","JSDIAZ","FIRST DATA","A","","",""
"RF772140","01/10/25 08:07:41","06/10/25 11:29:51","4 - Baja","Cerrado","NEXA_BPO DESBLOQUEO CON ASIGNACION DE NUEVA CLAVE USUARIO FIRST DATA","JSDIAZ","FIRST DATA","C","","",""
"RF772175","01/10/25 08:27:40","06/10/25 11:31:50","4 - Baja","Cerrado","DESBLQOUEO DE USUARIO FIRS DATA","JSDIAZ","FIRST DATA","B","","",""
"RF772181","01/10/25 08:31:07","06/10/25 11:33:28","4 - Baja","Cerrado","NEXA_ SOLICITUD DE DESBLOQUEO","JSDIAZ","FIRST DATA","C","","",""
"RF772209","01/10/25 09:01:08","06/10/25 11:34:44","4 - Baja","Cerrado","DESBLOQUEO  DE  USUARIO _ FIRST  DATA  _  ASESOR BDO _ NEXA  _","JSDIAZ","FIRST DATA","B","","",""
"RF772245","01/10/25 09:31:29","07/10/25 11:46:46","4 - Baja","Cerrado","DESBLOQUEO DE USUARIO","JSDIAZ","FIRST DATA","A","","",""
"RF772408","01/10/25 11:30:25","06/10/25 11:35:51","4 - Baja","Cerrado","SOLICITUD DESBLOQUEO USUARIO","JSDIAZ","FIRST VISION","A","","",""
"RF772420","01/10/25 11:41:12","06/10/25 11:55:09","4 - Baja","Cerrado","****UGR DESBLOQUEO FIRST DATA ********UGR*************","JSDIAZ","FIRST DATA","A","","",""
"RF772422","01/10/25 11:42:13","07/10/25 11:48:48","4 - Baja","Cerrado","DESBLOQUEO USUARIO FIRST DATA","JSDIAZ","FIRST DATA","B","","",""
"RF772494","01/10/25 12:47:55","07/10/25 11:53:31","4 - Baja","Cerrado","DESBLOQUEO Y NUEVA CLAVE FIRST DATA","JSDIAZ","FIRST DATA","A","","",""
"RF772507","01/10/25 13:14:37","07/10/25 11:55:04","4 - Baja","Cerrado","DESBLOQUE DE FIRST DATA","JSDIAZ","FIRST DATA","A","","",""
"RF772511","01/10/25 13:21:54","07/10/25 11:56:12","4 - Baja","Cerrado","DESBLOQUEO Y CAMBIO DE CONTRASEÑA FIRTS DATA NEXA BPO","JSDIAZ","FIRST DATA","B","","",""
"RF772672","01/10/25 15:49:21","07/10/25 12:08:37","4 - Baja","Cerrado","NEXA BPO-DESBLOQUEO Y ASIGNACIÓN DE NUEVA CONTRASEÑA","JSDIAZ","FIRST DATA","B","","",""
"RF772747","01/10/25 17:08:58","10/10/25 11:24:31","4 - Baja","Cerrado","ASIGNACION USUARIO APLICATIVO FIRSH VISION","JSDIAZ","FIRST VISION","B","","",""
"RF772783","01/10/25 18:11:52","07/10/25 11:59:44","4 - Baja","Cerrado","DESBLOQUEO DE USUARION","JSDIAZ","FIRST DATA","A","","",""
"RF772959","02/10/25 10:01:42","07/10/25 11:57:57","4 - Baja","Cerrado","DESBLOQUEO DE USUARIO DE FIRST VISION","JSDIAZ","FIRST VISION","A","","",""
"RF773044","02/10/25 11:11:25","10/10/25 11:30:40","4 - Baja","Cerrado","DESBLOQUEO USUARIO FIRST DATA","JSDIAZ","FIRST DATA","B","","",""
"RF773128","02/10/25 12:39:34","06/10/25 10:51:13","4 - Baja","Cerrado","DESBLOQUEO FIRSDATA UGR","JSDIAZ","FIRST DATA","A","","",""
"RF773135","02/10/25 12:54:03","07/10/25 12:01:03","4 - Baja","Cerrado","DESBLOQUEO USIARIO FIRST DATA","JSDIAZ","FIRST DATA","A","","",""
"RF773192","02/10/25 14:34:45","07/10/25 12:09:38","4 - Baja","Cerrado","NEXA_DESBLOQUEO FIRST DATA","JSDIAZ","FIRST DATA","B","","",""
"RF773270","02/10/25 15:44:33","07/10/25 12:05:38","4 - Baja","Cerrado","DESBLOQUEO USUARIO FIRST DATA","JSDIAZ","FIRST DATA","A","","",""
"RF773301","02/10/25 16:04:10","07/10/25 12:07:14","4 - Baja","Cerrado","DESBLOQUEO Y ASIGNACION DE NUEVA CONTRASEÑA","JSDIAZ","FIRST DATA","A","","",""
"RF773406","02/10/25 17:31:51","07/10/25 12:11:00","4 - Baja","Cerrado","NEXA BPO-DESBLOQUEO Y ASIGNACIÓN DE NUEVA CONTRASEÑA","JSDIAZ","FIRST DATA","B","","",""
"RF773857","03/10/25 14:50:30","06/10/25 10:54:29","4 - Baja","Cerrado","UGR DESBLOQUEO USUARIO FD","JSDIAZ","FIRST DATA","A","","",""
"RF773896","03/10/25 15:16:44","07/10/25 12:04:45","4 - Baja","Cerrado","first data","JSDIAZ","FIRST DATA","B","","",""
"RF774015","03/10/25 16:42:56","07/10/25 12:12:24","4 - Baja","Cerrado","Desbloqueo y asignación de nueva contraseña First data usuario nexabpo","JSDIAZ","FIRST DATA","B","","",""
"RF774177","06/10/25 09:07:54","07/10/25 12:02:13","4 - Baja","Cerrado","DESBLOQUEO FIRST DATA","JSDIAZ","FIRST DATA","B","","",""
"RF774519","06/10/25 12:00:55","07/10/25 12:14:45","4 - Baja","Cerrado","Nexa BPO Desbloqueo usuario First Data","JSDIAZ","FIRST DATA","A","","",""
"RF774570","06/10/25 12:36:58","10/10/25 11:14:12","4 - Baja","Cerrado","CREACION USUARIO FRIST VISION","JSDIAZ","FIRST VISION","A","","",""
"RF774809","06/10/25 15:55:43","07/10/25 12:03:40","4 - Baja","Cerrado","DESBLOQUEO Y RESTABLECIMIENTO DE USUARIO","JSDIAZ","FIRST DATA","B","","",""
"RF774812","06/10/25 15:57:09","07/10/25 12:15:47","4 - Baja","Cerrado","DESBLOQUEO USUARIO FIRTS DATA - NEXA BPO","JSDIAZ","FIRST DATA","B","","",""
"RF774949","06/10/25 19:08:15","10/10/25 16:22:21","4 - Baja","Cerrado","GCIA OPERACIONES- SWIFT IZQUIERO","JSDIAZ","SWIFT IZQUIERDO","A","","",""
"RF774972","06/10/25 22:48:55","07/10/25 11:45:03","4 - Baja","Cerrado","SE SOLICITA CAMBIO DE CLAVE AL APLICATIVO DE FD.","JSDIAZ","FIRST DATA","A","","",""
"RF775033","07/10/25 08:38:00","10/10/25 11:20:46","4 - Baja","Cerrado","creacion usuario","JSDIAZ","FIRST VISION","A","","",""
"RF775134","07/10/25 09:53:05","08/10/25 11:50:49","4 - Baja","Cerrado","DESBLOQUEO FIRSDATA UGR","JSDIAZ","FIRST DATA","A","","",""
"RF775146","07/10/25 10:00:49","08/10/25 12:21:21","4 - Baja","Cerrado","DESBLOQUEO APLICACION FIRST VISION - NUEVA CLAVE","JSDIAZ","FIRST VISION","B","","",""
"RF775271","07/10/25 11:54:01","10/10/25 11:32:07","4 - Baja","Cerrado","DESBLOQUEO Y GENERACIÓN DE CLAVE FIRST DATA NEXA","JSDIAZ","FIRST DATA","A","","",""
"RF775377","07/10/25 14:50:47","08/10/25 11:56:52","4 - Baja","Cerrado","Modificación perfil URE 1","JSDIAZ","FIRST DATA","A","","",""
"RF775481","07/10/25 16:20:51","08/10/25 14:16:32","4 - Baja","Cerrado","DESBLOQUEO USUARIO FIRST DATA","JSDIAZ","FIRST DATA","A","","",""
"RF775539","07/10/25 17:26:12","15/10/25 11:53:10","4 - Baja","Cerrado","Creación de usuario y contraseña de first data","JSDIAZ","FIRST DATA","A","","",""
"RF775540","07/10/25 17:26:15","15/10/25 11:55:26","4 - Baja","Cerrado","CREACION DE USUARIO Y CONTRASEÑA FIRSTDATA","JSDIAZ","FIRST DATA","A","","",""
"RF775559","07/10/25 17:45:10","10/10/25 11:33:24","4 - Baja","Cerrado","DESBLOQUEO FIRST DATA","JSDIAZ","FIRST DATA","A","","",""
"RF775569","07/10/25 17:59:53","10/10/25 11:38:23","4 - Baja","Cerrado","DESBLOQUEO USUARIO FIRSDATA NEXA_BPO","JSDIAZ","FIRST DATA","D","","",""
"RF775599","08/10/25 06:34:41","10/10/25 11:39:51","4 - Baja","Cerrado","NEXA_BPO DESBLOQUEO CON ASIGNACION DE NUEVA CLAVE USUARIO FIRST DATA","JSDIAZ","FIRST DATA","C","","",""
"RF775605","08/10/25 07:42:07","09/10/25 10:18:06","4 - Baja","Cerrado","DESBLOQUEO DE USUARIO DE FIRST DATA","JSDIAZ","FIRST DATA","A","","",""
"RF775680","08/10/25 09:22:01","15/10/25 11:57:17","4 - Baja","Cerrado","Creación de Usuario Firstdata/FirstVision","JSDIAZ","FIRST VISION","A","","",""
"RF775757","08/10/25 10:10:48","10/10/25 11:40:47","4 - Baja","Cerrado","Desbloqueo de usuario con cambio de clave","JSDIAZ","FIRST DATA","A","","",""
"RF775820","08/10/25 10:43:56","10/10/25 11:42:30","4 - Baja","Cerrado","FIRT DATA","JSDIAZ","FIRST DATA","B","","",""
"RF775887","08/10/25 11:30:19","10/10/25 11:43:32","4 - Baja","Cerrado","desbloque usuario","JSDIAZ","FIRST VISION","A","","",""
"RF776359","09/10/25 08:02:55","15/10/25 11:37:55","4 - Baja","Cerrado","DESBLOQUEO DE USUARIO","JSDIAZ","FIRST VISION","A","","",""
"RF776444","09/10/25 09:15:55","10/10/25 11:45:11","4 - Baja","Cerrado","NEXA BPO DESBLOQUEO DE USUARIO","JSDIAZ","FIRST DATA","A","","",""
"RF776561","09/10/25 10:58:09","10/10/25 11:47:10","4 - Baja","Cerrado","DESBLOQUEO FIRST","JSDIAZ","FIRST DATA","A","","",""
"RF776819","09/10/25 15:19:15","10/10/25 11:49:10","4 - Baja","Cerrado","DESBLOQUEO DE USUARIO","JSDIAZ","FIRST VISION","A","","",""
"RF776851","09/10/25 15:33:08","10/10/25 11:29:01","4 - Baja","Cerrado","ANS_REQUERIMIENTO_DE_LEY - UGR","JSDIAZ","FIRST VISION","A","","",""
"RF776982","09/10/25 17:58:17","15/10/25 11:39:42","4 - Baja","Cerrado","NEXA BPO-DESBLOQUEO Y ASIGNACIÓN DE NUEVA CONTRASEÑA","JSDIAZ","FIRST DATA","B","","",""
"RF777024","10/10/25 08:05:00","20/10/25 08:24:27","4 - Baja","Cerrado","Desbloqueo de usuario","JSDIAZ","FIRST DATA","B","","",""
"RF777029","10/10/25 08:10:17","20/10/25 08:25:49","4 - Baja","Cerrado","DESBLOQUEO FIRST DATA","JSDIAZ","FIRST DATA","A","","",""
"RF777205","10/10/25 10:36:18","22/10/25 09:31:29","4 - Baja","Cerrado","DESBLOQUEO DE FIRST DATA -NEXA BPO","JSDIAZ","FIRST DATA","A","","",""
"RF777310","10/10/25 11:57:21","15/10/25 11:42:26","4 - Baja","Cerrado","Desbloqueo first data","JSDIAZ","FIRST DATA","A","","",""
"RF777317","10/10/25 12:00:43","22/10/25 09:33:04","4 - Baja","Cerrado","DESBLOQUEO DE FIRST NEXA BPO","JSDIAZ","FIRST VISION","B","","",""
"RF777445","10/10/25 15:10:38","22/10/25 09:34:03","4 - Baja","Cerrado","Desbloqueo y asignación de nueva contraseña First data usuario nexabpo","JSDIAZ","FIRST DATA","A","","",""
"RF777446","10/10/25 15:10:41","22/10/25 09:35:00","4 - Baja","Cerrado","DESBLOQUEO Y ASIGNACION DE NUEVA CONTRASEÑA","JSDIAZ","FIRST DATA","A","","",""
"RF777530","10/10/25 16:29:04","22/10/25 09:36:00","4 - Baja","Cerrado","DESBLOQUEO USUARIO FIRST DATA","JSDIAZ","FIRST DATA","A","","",""
"RF777632","11/10/25 18:52:30","22/10/25 09:37:59","4 - Baja","Cerrado","DESBLOQUO Y ASIGNACIONDE NUEVA CONTRASEÑA","JSDIAZ","FIRST DATA","B","","",""
"RF777633","12/10/25 07:48:54","15/10/25 11:43:31","4 - Baja","Cerrado","Debloquear usuario con cambio de clave","JSDIAZ","FIRST VISION","A","","",""
"RF777639","13/10/25 07:51:47","15/10/25 11:44:57","4 - Baja","Cerrado","DESBLOQUEO DE USUARIO Y ASIGNACION NUEVA CLAVE","JSDIAZ","FIRST DATA","B","","",""
"RF777671","14/10/25 08:22:47","22/10/25 09:39:11","4 - Baja","Cerrado","DESBLOQUEO FIRST DATA","JSDIAZ","FIRST DATA","B","","",""
"RF777709","14/10/25 09:01:10","22/10/25 09:40:21","4 - Baja","Cerrado","DESBLOQUEO DE USUARIO DE FIRST DATA","JSDIAZ","FIRST DATA","A","","",""
"RF777725","14/10/25 09:14:14","22/10/25 09:42:01","4 - Baja","Cerrado","DESBLOQUEO APLICATIVO FIRTS DATA","JSDIAZ","FIRST DATA","B","","",""
"RF777786","14/10/25 09:52:10","15/10/25 11:46:10","4 - Baja","Cerrado","Solicitud desbloqueo usuario","JSDIAZ","FIRST DATA","A","","",""
"RF777957","14/10/25 11:48:46","15/10/25 11:47:35","4 - Baja","Cerrado","DESBLOQUEO","JSDIAZ","FIRST DATA","B","","",""
"RF778069","14/10/25 14:13:27","22/10/25 09:43:20","4 - Baja","Cerrado","FRIT DATA","JSDIAZ","FIRST DATA","B","","",""
"RF778323","14/10/25 18:17:35","22/10/25 09:45:16","4 - Baja","Cerrado","DESBLOQUEO DE USUARIO Y REESTABLECIMIENTO DE CONTRASEÑA","JSDIAZ","FIRST DATA","B","","",""
"RF778324","14/10/25 18:20:40","22/10/25 09:46:35","4 - Baja","Cerrado","DESBLOQUEO Y REESTABLECIMIENTO DE CONTRASEÑA","JSDIAZ","FIRST DATA","B","","",""
"RF778326","14/10/25 18:38:59","22/10/25 09:47:59","4 - Baja","Cerrado","DESBLOQUEAR Y GENERAR CONTRASEÑA FIRST DATA FUNCIONARIO NEXA","JSDIAZ","FIRST DATA","A","","",""
"RF778355","15/10/25 04:59:12","22/10/25 09:49:20","4 - Baja","Cerrado","NEXA DESBLOQUEO Y ASIGNACION DE CONTRASEÑA FIRST_DATA","JSDIAZ","FIRST DATA","B","","",""
"RF778394","15/10/25 08:20:32","22/10/25 09:50:22","4 - Baja","Cerrado","Desbloquear firs data usuario","JSDIAZ","FIRST DATA","A","","",""
"RF778882","15/10/25 15:35:13","22/10/25 09:56:27","4 - Baja","Cerrado","DESBLOQUEO FIRST DATA","JSDIAZ","FIRST DATA","A","","",""
"RF778919","15/10/25 15:50:11","22/10/25 09:57:37","4 - Baja","Cerrado","desbloqueo y asignacion de nueva contraseña","JSDIAZ","FIRST DATA","A","","",""
"RF779074","15/10/25 17:27:31","24/10/25 10:30:57","4 - Baja","Cerrado","CREACION DE USUARIO FIRST DATA","JSDIAZ","FIRST DATA","B","","",""
"RF779326","16/10/25 09:59:04","16/10/25 11:47:09","4 - Baja","Cerrado","DESBLOQUEAR USUARIO","JSDIAZ","FIRST DATA","A","","",""
"RF779347","16/10/25 10:10:16","24/10/25 10:34:46","4 - Baja","Cerrado","Creacion de Usuario y Contraseña FirstData","JSDIAZ","FIRST DATA","A","","",""
"RF779469","16/10/25 11:35:38","22/10/25 09:58:53","4 - Baja","Cerrado","DESBLOQUEAR USUARIO Y CLAVE FIRST DATA","JSDIAZ","FIRST DATA","B","","",""
"RF779585","16/10/25 14:00:13","17/10/25 09:33:37","4 - Baja","Cerrado","firs data","JSDIAZ","FIRST DATA","A","","",""
"RF779600","16/10/25 14:18:33","17/10/25 10:05:59","4 - Baja","Cerrado","Desbloqueo First","JSDIAZ","FIRST DATA","A","","",""
"RF779625","16/10/25 14:32:00","22/10/25 09:59:53","4 - Baja","Cerrado","Desbloqueo Usuario First Data","JSDIAZ","FIRST DATA","A","","",""
"RF779628","16/10/25 14:33:09","20/10/25 08:18:27","4 - Baja","Cerrado","DESBLOQUEO USUARIO DE APLICATIVO FIRSTDATA","JSDIAZ","FIRST DATA","A","","",""
"RF779653","16/10/25 14:59:29","22/10/25 10:01:08","4 - Baja","Cerrado","DESBLOQUEAR USUARIO Y CAMBIO DE CONTRASEÑA DEL APLICATIVO FIRIST VISION","JSDIAZ","FIRST VISION","B","","",""
"RF779803","16/10/25 17:11:25","22/10/25 10:02:24","4 - Baja","Cerrado","DESBLOQUEO Y NUEVA CONTRASEÑA FIRST DATA FUNCIONARIO NEXA","JSDIAZ","FIRST DATA","A","","",""
"RF779820","16/10/25 17:31:40","22/10/25 10:03:33","4 - Baja","Cerrado","Solicitud Desbloqueo de Usuario First Vision Producción","JSDIAZ","FIRST VISION","A","","",""
"RF779851","16/10/25 18:38:58","27/10/25 09:08:53","4 - Baja","Cerrado","Desbloqueo y cambio de contraseña.","JSDIAZ","FIRST DATA","A","","",""
"RF780145","17/10/25 11:36:07","24/10/25 10:54:07","4 - Baja","Cerrado","SOLICITUD CREACIÓN DE USUARIO FIRST VISION","JSDIAZ","FIRST VISION","B","","",""
"RF780450","17/10/25 16:38:15","22/10/25 10:07:10","4 - Baja","Cerrado","desbloqueo de contraseña","JSDIAZ","FIRST DATA","A","","",""
"RF780549","18/10/25 09:55:06","22/10/25 10:08:23","4 - Baja","Cerrado","FIRST DATA","JSDIAZ","FIRST DATA","B","","",""
"RF780551","18/10/25 10:00:11","22/10/25 10:09:18","4 - Baja","Cerrado","DESBLOQUEO FIRS DATA","JSDIAZ","FIRST DATA","B","","",""
"RF780562","19/10/25 06:34:45","22/10/25 10:12:45","4 - Baja","Cerrado","Desbloqueo y restablecimiento de contraseña","JSDIAZ","FIRST DATA","B","","",""
"RF780668","20/10/25 09:06:20","24/10/25 10:23:22","4 - Baja","Cerrado","DESBLOQUEO DE FIRST DATA V804NAV","JSDIAZ","FIRST DATA","A","","",""
"RF780701","20/10/25 09:34:18","24/10/25 10:24:24","4 - Baja","Cerrado","desbloqueo","JSDIAZ","FIRST DATA","A","","",""
"RF780702","20/10/25 09:37:33","27/10/25 09:12:04","4 - Baja","Cerrado","DESBLOQUEO FIRSDATA POR REGRESO DE VACACIONES","JSDIAZ","FIRST VISION","A","","",""
"RF780716","20/10/25 09:45:29","27/10/25 09:13:41","4 - Baja","Cerrado","DESBLOQUEO DE CLAVE FIRTS DATA","JSDIAZ","FIRST DATA","B","","",""
"RF780741","20/10/25 09:58:18","24/10/25 10:25:32","4 - Baja","Cerrado","CAMBIO DE CLAVE Y DESBLOQUEO DE FIRST DATA","JSDIAZ","FIRST DATA","A","","",""
"RF781033","20/10/25 14:25:27","27/10/25 09:15:01","4 - Baja","Cerrado","DESBLOQUEO DE FIRST DATA","JSDIAZ","FIRST DATA","C","","",""
"RF781130","20/10/25 15:58:01","22/10/25 09:25:48","4 - Baja","Cerrado","Desbloqueo Usuarioo","JSDIAZ","FIRST DATA","A","","",""
"RF781153","20/10/25 16:13:23","21/10/25 14:57:33","4 - Baja","Cerrado","Creación de Usuario First Data","JSDIAZ","FIRST DATA","A","","",""
"RF781183","20/10/25 16:35:02","27/10/25 09:17:10","4 - Baja","Cerrado","DESBLOQUEO DE FIST DATA","JSDIAZ","FIRST DATA","A","","",""
"RF781308","21/10/25 08:32:12","27/10/25 09:18:38","4 - Baja","Cerrado","DESBLOQUEO DE USUARIO FIRST DATA Y CAMBIO DE CLAVE","JSDIAZ","FIRST DATA","C","","",""
"RF781334","21/10/25 09:14:59","27/10/25 09:20:53","4 - Baja","Cerrado","DESBLOQUEO USUARIO FIRSDATA","JSDIAZ","FIRST DATA","B","","",""
"RF781349","21/10/25 09:24:45","27/10/25 09:21:57","4 - Baja","Cerrado","NEXA BPO DESBLOQUEO Y CAMBIO DE CLAVE FIRST DATA","JSDIAZ","FIRST DATA","A","","",""
"RF781399","21/10/25 10:02:11","27/10/25 09:23:00","4 - Baja","Cerrado","DESBLOQUEO FIRST DATA","JSDIAZ","FIRST DATA","B","","",""
"RF781444","21/10/25 10:37:14","22/10/25 09:29:41","4 - Baja","Cerrado","modificación del perfil actual al rol URE 2","JSDIAZ","FIRST VISION","A","","",""
"RF781483","21/10/25 11:01:20","27/10/25 09:32:35","4 - Baja","Cerrado","Desbloqueo y restablecimiento de contraseña","JSDIAZ","FIRST DATA","B","","",""
"RF781526","21/10/25 11:35:12","27/10/25 09:34:01","4 - Baja","Cerrado","DESBLOQUEAR FIRTS DATA","JSDIAZ","FIRST DATA","B","","",""
"RF781543","21/10/25 11:47:57","21/10/25 14:48:57","4 - Baja","Cerrado","Renovamiento user First Data","JSDIAZ","FIRST DATA","A","","",""
"RF781683","21/10/25 14:20:26","27/10/25 09:35:13","4 - Baja","Cerrado","FRIST DESBLOQUEO CON CAMBIO DE CLAVE","JSDIAZ","FIRST DATA","B","","",""
"RF781704","21/10/25 14:33:52","27/10/25 09:36:19","4 - Baja","Cerrado","Desbloquear usuario con cambio de clave","JSDIAZ","FIRST VISION","A","","",""
"RF781706","21/10/25 14:36:08","27/10/25 09:37:22","4 - Baja","Cerrado","DESBLOQUEAR USUARIO FIRST DATA","JSDIAZ","FIRST DATA","A","","",""
"RF781978","22/10/25 08:11:18","27/10/25 09:41:06","4 - Baja","Cerrado","DESBLOQUEO DE FIRST DATA","JSDIAZ","FIRST DATA","B","","",""
"RF782047","22/10/25 09:22:51","22/10/25 10:45:07","4 - Baja","Cerrado","Desbloqueo de usuario first data","JSDIAZ","FIRST DATA","A","","",""
"RF782393","22/10/25 15:12:23","27/10/25 09:45:16","4 - Baja","Cerrado","DESBLOQUEO DE USUARIO","JSDIAZ","FIRST DATA","A","","",""
"RF782495","22/10/25 16:08:16","27/10/25 09:47:11","4 - Baja","Cerrado","DESBLOQUEO Y REASIGNACIÓN DE CLAVE","JSDIAZ","FIRST DATA","A","","",""
"RF782775","23/10/25 10:15:05","28/10/25 17:15:57","4 - Baja","Cerrado","DESBLOQUEAR USUARIO Y NUEVA CONTRASEÑA SWIFT IZQUIERDO","JSDIAZ","SWIFT IZQUIERDO","B","","",""
"RF782859","23/10/25 11:19:15","23/10/25 13:58:41","4 - Baja","Cerrado","Desloquear usuario de First Data","JSDIAZ","FIRST DATA","A","","",""
"RF783450","24/10/25 10:08:10","07/01/26 19:52:26","4 - Baja","Cerrado","CREACIO DE USUARIO UNIFIRMAS","JSDIAZ","UNIFIRMAS","D","","",""
"RF783845","24/10/25 16:00:43","27/10/25 08:59:55","4 - Baja","Cerrado","modificación del perfil actual al rol SOP OP 1","JSDIAZ","FIRST VISION","A","","",""
"RF783991","26/10/25 14:00:07","27/10/25 09:49:02","4 - Baja","Cerrado","DESBLOQUEO USUARIO FIRSDATA UGR","JSDIAZ","FIRST DATA","A","","",""
"RF784001","27/10/25 07:57:40","28/10/25 07:54:06","4 - Baja","Cerrado","**UGR** URGENTE Desbloqueo de usuario","JSDIAZ","FIRST DATA","A","","",""
"RF784117","27/10/25 09:25:45","27/10/25 13:37:26","4 - Baja","Cerrado","SOLICITUD DESBLOQUEO USUARIO FIRST DATA","JSDIAZ","FIRST DATA","A","","",""
"RF784177","27/10/25 10:11:59","28/10/25 08:01:46","4 - Baja","Cerrado","modificación del perfil actual al rol SOP OP 3","JSDIAZ","FIRST VISION","A","","",""
"RF784512","27/10/25 14:53:09","30/10/25 15:23:21","4 - Baja","Cerrado","DESBLOQUEAR  FIRST DATA","JSDIAZ","FIRST DATA","B","","",""
"RF784618","27/10/25 16:05:20","31/10/25 11:33:31","4 - Baja","Cerrado","DESBLOQUEO Y RESTABLECIMIENTO - FIRTS DATA - NEXA","JSDIAZ","FIRST DATA","B","","",""
"RF784705","27/10/25 17:01:06","05/11/25 15:36:29","4 - Baja","Cerrado","DOCIT - CREACION USUARIO FIRST DATA PARA BOT RPASEGUROS SEGUROS","JSDIAZ","FIRST DATA","A","","",""
"RF784803","28/10/25 07:59:25","31/10/25 11:34:52","4 - Baja","Cerrado","DESBLOQUEO DE USUARIO FIRST DATA Y CAMBIO DE CLAVE","JSDIAZ","FIRST DATA","C","","",""
"RF784865","28/10/25 09:01:30","05/11/25 15:51:54","4 - Baja","Cerrado","DESBLOQUEAR USUARIO DE FIRST DATA","JSDIAZ","FIRST DATA","A","","",""
"RF784891","28/10/25 09:17:12","31/10/25 11:36:09","4 - Baja","Cerrado","DESBLOQUEAR FIRST USUARIO","JSDIAZ","FIRST DATA","B","","",""
"RF785262","28/10/25 15:12:26","29/10/25 13:59:53","4 - Baja","Cerrado","Solicito activar mi usuario","JSDIAZ","FIRST DATA","A","","",""
"RF785339","28/10/25 16:12:29","31/10/25 11:37:30","4 - Baja","Cerrado","DESBLOQUO Y ASIGNACIONDE NUEVA CONTRASEÑA","JSDIAZ","FIRST DATA","B","","",""
"RF785574","29/10/25 09:16:04","31/10/25 11:38:58","4 - Baja","Cerrado","DESBLOQUEO FIRTH  DATA","JSDIAZ","FIRST DATA","A","","",""
"RF785826","29/10/25 12:03:09","31/10/25 11:42:00","4 - Baja","Cerrado","DESBLOQUEO  DE FIRTS DATA","JSDIAZ","FIRST DATA","C","","",""
"RF785893","29/10/25 14:09:30","31/10/25 11:45:00","4 - Baja","Cerrado","DESBLOQUEO USUARIO APLICATIVO FIRSTDATA Y ASIGNACION NUEVA CLAVE","JSDIAZ","FIRST DATA","C","","",""
"RF786202","30/10/25 08:20:01","31/10/25 11:40:44","4 - Baja","Cerrado","UGR / DESBLOQUEAR USUARIO / LINA FERNANDA HERRERA CITA / 1007156265","JSDIAZ","FIRST DATA","A","","",""
"RF786507","30/10/25 14:06:44","31/10/25 11:46:48","4 - Baja","Cerrado","DESBLOQUEO FIRST DATA USUARIO NEXABPO","JSDIAZ","FIRST DATA","B","","",""
"RF786724","30/10/25 17:24:30","30/10/25 18:02:49","4 - Baja","Cerrado","DESBLOQUEO URGENTE DE APLICATIVO FIRSTDATA","JSDIAZ","FIRST DATA","A","","",""
"RF786795","31/10/25 08:34:03","31/10/25 11:48:09","4 - Baja","Cerrado","Desbloqueo de usuario","JSDIAZ","FIRST VISION","B","","",""
"RF786888","31/10/25 09:48:52","31/10/25 11:52:48","4 - Baja","Cerrado","DESBLOQUEO DIRS DATA CAMBIO DE CONTRASEÑA","JSDIAZ","FIRST DATA","A","","",""
"RF786968","31/10/25 10:47:05","31/10/25 11:43:44","4 - Baja","Cerrado","DESBLOQUEAR USUARIO CON CAMBIO DE CLAVE","JSDIAZ","FIRST DATA","A","","",""
"RF786980","31/10/25 10:53:43","31/10/25 17:36:19","4 - Baja","Cerrado","Desbloqueo y cambio de contraseña","IAVILA","FIRST DATA","A","","",""
"RF787005","31/10/25 11:11:43","31/10/25 16:15:32","4 - Baja","Cerrado","Desbloqueo clave","IAVILA","FIRST DATA","A","","",""
"RF787529","04/11/25 09:39:07","05/11/25 15:54:51","4 - Baja","Cerrado","Desbloqueo FD","JSDIAZ","FIRST VISION","A","","",""
"RF787623","04/11/25 10:37:52","05/11/25 16:24:44","4 - Baja","Cerrado","DESBLOQUEAR USUARIO Y ASGINAR NUEVA CONTRASEÑA SWIFT IZQUIERDO","JSDIAZ","SWIFT IZQUIERDO","B","","",""
"RF787954","04/11/25 16:49:51","05/11/25 15:49:22","4 - Baja","Cerrado","SOLICITUD DESBLOQUEAR APLICACIONES **UGR**","JSDIAZ","FIRST DATA","A","","",""
"RF787965","04/11/25 17:03:33","12/11/25 08:32:47","4 - Baja","Cerrado","Creación de Usuarios FIRST DATA","JSDIAZ","FIRST DATA","A","","",""
"RF787983","04/11/25 17:29:51","05/11/25 08:21:30","4 - Baja","Cerrado","Desloquear usuario de First Data","JSDIAZ","FIRST DATA","A","","",""
"RF788419","05/11/25 12:31:15","05/11/25 15:53:06","4 - Baja","Cerrado","UGR *** SOLICITUD DESBLOQUEO USUARIO FIRST DATA***","JSDIAZ","FIRST DATA","A","","",""
"RF789625","07/11/25 09:20:01","18/11/25 12:06:18","4 - Baja","Cerrado","CREACIÓN DE USUARIO FIRST DATA","JSDIAZ","FIRST DATA","A","","",""
"RF790046","07/11/25 16:03:19","18/11/25 12:44:05","4 - Baja","Cerrado","Solicitud de Creación de Usuario Firstdata/FirstVision","JSDIAZ","FIRST VISION","A","","",""
"RF790836","10/11/25 16:04:12","18/11/25 12:00:50","4 - Baja","Cerrado","Solicitud de Creación de Usuario Firstdata","JSDIAZ","FIRST DATA","A","","",""
"RF791299","11/11/25 12:18:02","13/11/25 10:18:32","4 - Baja","Cerrado","DESBLOQUEO FIRST DATA","JSDIAZ","FIRST DATA","A","","",""
"RF791504","11/11/25 16:30:14","13/11/25 12:07:09","4 - Baja","Cerrado","DESBLOQUEO DE USUARIO FIRST DATA","JSDIAZ","FIRST DATA","B","","",""
"RF791566","11/11/25 17:36:07","13/11/25 12:14:54","4 - Baja","Cerrado","DESBLOQUEO FIRST DATA USUARIO NEXABPO","JSDIAZ","FIRST DATA","B","","",""
"RF791635","12/11/25 08:16:36","18/11/25 12:04:52","4 - Baja","Cerrado","UGR_SOLICITUD DE USUARIO FIRS DATA","JSDIAZ","FIRST DATA","A","","",""
"RF792071","12/11/25 14:59:27","13/11/25 12:19:13","4 - Baja","Cerrado","DESBLOQUEO USUARIO FIRST VISION","JSDIAZ","FIRST VISION","A","","",""
"RF792203","12/11/25 16:41:05","13/11/25 12:21:03","4 - Baja","Cerrado","FIRST DATA - DESBLOQUEO DE USUARIO NEXA","JSDIAZ","FIRST DATA","A","","",""
"RF792310","13/11/25 08:44:21","18/11/25 08:26:40","4 - Baja","Cerrado","SUPERFINANICERA** ENTES DE CONTROL","JSDIAZ","FIRST DATA","A","","",""
"RF792628","13/11/25 15:18:16","18/11/25 08:29:16","4 - Baja","Cerrado","UGR DESBLOQUEO FD","JSDIAZ","FIRST DATA","A","","",""
"RF792809","14/11/25 06:28:36","19/11/25 15:57:55","4 - Baja","Cerrado","GCIA OPERACIONES- SOLICITUD CLAVES - SWIFT IZQUIERDO","JSDIAZ","SWIFT IZQUIERDO","A","","",""
"RF793831","18/11/25 12:39:11","20/11/25 10:11:28","4 - Baja","Cerrado","DESBLOQUEO Y RESTABLECIMIENTO DE CONTRASEÑA","IAVILA","FIRST DATA","A","","",""
"RF793846","18/11/25 13:05:30","20/11/25 14:17:31","4 - Baja","Cerrado","desbloqueo de usuario","JSDIAZ","FIRST DATA","A","","",""
"RF794311","19/11/25 10:40:20","26/11/25 08:34:12","4 - Baja","Cerrado","UGR*** ACTIVACION USUARIO Firstdata / FirstVision","JSDIAZ","FIRST VISION","A","","",""
"RF794332","19/11/25 10:56:34","26/11/25 09:04:04","4 - Baja","Cerrado","UGR_SOLICITUD DE USUARIO FIRS DATA","JSDIAZ","FIRST VISION","A","","",""
"RF794501","19/11/25 14:46:02","21/11/25 19:32:35","4 - Baja","Cerrado","SOLICITUD DESBLOQUEO Y NUEVA CONTRASEÑA IZQUIERDA","JSDIAZ","SWIFT IZQUIERDO","A","","",""
"RF794505","19/11/25 14:48:12","20/11/25 10:13:31","4 - Baja","Cerrado","Desbloqueo FIRST DATA","IAVILA","FIRST DATA","A","","",""
"RF794517","19/11/25 14:55:05","19/11/25 15:43:17","4 - Baja","Cerrado","DESBLOQUEO USUARIO","IAVILA","FIRST DATA","A","","",""
"RF794609","19/11/25 16:07:52","21/11/25 19:35:27","4 - Baja","Cerrado","DESBLOQUEO DE USUARIO Y REINICIO CONTRASEÑA SWIFT OCCI96607","JSDIAZ","SWIFT IZQUIERDO","A","","",""
"RF794871","20/11/25 09:41:38","28/11/25 10:56:48","4 - Baja","Cerrado","POR FAVOR DESBLOQUEAR USUARIO Y CREAR CLAVE DE ACCESO","JSDIAZ","SWIFT IZQUIERDO","A","","",""
"RF795258","20/11/25 17:23:12","21/11/25 19:37:38","4 - Baja","Cerrado","DESBLOQUEAR USUARIO SWIFT","JSDIAZ","SWIFT IZQUIERDO","A","","",""
"RF795354","21/11/25 08:53:29","27/11/25 09:15:29","4 - Baja","Cerrado","Creacion ususario FirstVision","JSDIAZ","FIRST VISION","C","","",""
"RF795358","21/11/25 08:57:46","27/11/25 09:17:48","4 - Baja","Cerrado","CREACION USUARIO FirstVision","JSDIAZ","FIRST VISION","C","","",""
"RF795360","21/11/25 08:57:51","27/11/25 09:20:17","4 - Baja","Cerrado","CREACION USUARIO FIRSTVISION","JSDIAZ","FIRST VISION","C","","",""
"RF795366","21/11/25 09:02:26","27/11/25 09:22:36","4 - Baja","Cerrado","SOLICITUD CREACION USUARIO FIRST VISION","JSDIAZ","FIRST VISION","C","","",""
"RF795410","21/11/25 09:55:11","21/11/25 11:04:50","4 - Baja","Cerrado","Desbloquear clave Firdt data","JSDIAZ","FIRST VISION","A","","",""
"RF795497","21/11/25 11:17:07","27/11/25 08:58:23","4 - Baja","Cerrado",": Solicitud de Creación de Usuario Firstdata/FirstVision","JSDIAZ","FIRST DATA","B","","",""
"RF795611","21/11/25 14:35:26","24/11/25 14:46:07","4 - Baja","Cerrado","GCIA OPERACIONES - DESBLOQUEO CLAVE IZQUIERDA - SWIFT","JSDIAZ","SWIFT IZQUIERDO","A","","",""
"RF795947","24/11/25 09:45:48","26/11/25 08:55:33","4 - Baja","Cerrado","NEXA DESBLOQUEO FRIST DATA","JSDIAZ","FIRST DATA","A","","",""
"RF795960","24/11/25 09:54:53","27/11/25 09:06:20","4 - Baja","Cerrado","creacion de usuario firsrt vision","JSDIAZ","FIRST VISION","C","","",""
"RF796028","24/11/25 10:44:20","28/11/25 10:33:58","4 - Baja","Cerrado","CREACION USUARIO SWIFT","JSDIAZ","SWIFT IZQUIERDO","B","","",""
"RF796055","24/11/25 11:14:22","28/11/25 10:25:57","4 - Baja","Cerrado","CREACION USUARIO SWIFT IZQUIERDO","JSDIAZ","SWIFT IZQUIERDO","A","","",""
"RF796389","25/11/25 07:18:26","26/11/25 08:54:24","4 - Baja","Cerrado","DESBLOQUEO DE FIRST DATA","JSDIAZ","FIRST DATA","B","","",""
"RF796475","25/11/25 09:22:51","26/11/25 08:49:55","4 - Baja","Cerrado","SOLICITUD DE MODIFICACION DE PERFIL","JSDIAZ","FIRST DATA","A","","",""
"RF796686","25/11/25 11:47:26","26/11/25 14:59:46","4 - Baja","Cerrado","CREACIÓN DE USUARIO FIRST DATA","JSDIAZ","FIRST DATA","A","","",""
"RF796814","25/11/25 15:01:37","01/12/25 18:40:29","4 - Baja","Cerrado","FIRTS DATA","IAVILA","FIRST DATA","B","","",""
"RF796920","25/11/25 16:15:12","26/11/25 08:44:38","4 - Baja","Cerrado","ACCESO A APLICACIÓN Y/O GESTION DE CLAVES","JSDIAZ","FIRST DATA","A","","",""
"RF796928","25/11/25 16:18:36","26/11/25 08:40:54","4 - Baja","Cerrado","Desbloqueo first data","JSDIAZ","FIRST DATA","A","","",""
"RF797091","26/11/25 08:31:48","26/11/25 14:43:48","4 - Baja","Cerrado","Desbloqueo y asignacion de clave","JSDIAZ","FIRST DATA","A","","",""
"RF797099","26/11/25 08:42:28","28/11/25 09:45:40","4 - Baja","Cerrado","DESBLOQUEO DE USUARIO FIRST DATA","JSDIAZ","FIRST VISION","A","","",""
"RF797387","26/11/25 13:55:56","28/11/25 09:41:45","4 - Baja","Cerrado","Desbloqueo de aplicación.","JSDIAZ","FIRST DATA","A","","",""
"RF797436","26/11/25 14:41:29","28/11/25 10:57:19","4 - Baja","Cerrado","RECUPERACION DE LA CONTRASEÑA","JSDIAZ","SWIFT IZQUIERDO","A","","",""
"RF797631","26/11/25 17:27:20","01/12/25 08:58:23","4 - Baja","Cerrado","DESBLOQUEO DE USUARIO","JSDIAZ","FIRST VISION","A","","",""
"RF797707","27/11/25 08:48:19","28/11/25 09:47:59","4 - Baja","Cerrado","Activar Usuario FirstVision Prd","JSDIAZ","FIRST VISION","A","","",""
"RF797733","27/11/25 09:13:00","27/11/25 12:28:47","4 - Baja","Cerrado","DESBLOQUEO FIRTS DATA","JSDIAZ","FIRST VISION","A","","",""
"RF797795","27/11/25 10:18:09","28/11/25 10:04:01","4 - Baja","Cerrado",": Solicitud de Creación de Usuario Firstdata/FirstVision","JSDIAZ","FIRST DATA","B","","",""
"RF797995","27/11/25 14:28:27","01/12/25 18:33:57","4 - Baja","Cerrado","FIRS DATA","IAVILA","FIRST DATA","B","","",""
"RF798096","27/11/25 16:33:17","28/11/25 14:27:24","4 - Baja","Cerrado","UGR PISO 16, Por favor desbloquear usuario Firs Data, sin cambio de clave","JSDIAZ","FIRST DATA","A","","",""
"RF798209","28/11/25 06:27:37","01/12/25 18:32:53","4 - Baja","Cerrado","DESBLOQUEO DE USURIO FIRST","IAVILA","FIRST DATA","B","","",""
"RF798230","28/11/25 08:16:13","04/12/25 08:33:18","4 - Baja","Cerrado","DESBLOQUEO FIRST DATA","JSDIAZ","FIRST DATA","A","","",""
"RF798260","28/11/25 08:52:41","28/11/25 15:04:59","4 - Baja","Cerrado","DESBLOQUEO DE USUARIO Firstdata / FirstVision","JSDIAZ","FIRST VISION","C","","",""
"RF798346","28/11/25 10:28:23","28/11/25 14:31:45","4 - Baja","Cerrado","DESBLOQUEO USUARIO FIRST VISION","JSDIAZ","FIRST VISION","A","","",""
"RF798433","28/11/25 11:55:34","05/12/25 14:25:56","4 - Baja","Cerrado","Solicitud desbloqueo usuario First Vision","JSDIAZ","FIRST DATA","A","","",""
"RF798449","28/11/25 12:27:08","04/12/25 08:31:20","4 - Baja","Cerrado","Usuario FirstVision Produccion","JSDIAZ","FIRST VISION","A","","",""
"RF798618","28/11/25 15:58:29","28/11/25 16:33:08","4 - Baja","Cerrado","Desbloqueo FirstVision","JSDIAZ","FIRST VISION","C","","",""
"RF798754","29/11/25 14:55:31","04/12/25 08:35:27","4 - Baja","Cerrado","DESBLOQUEO DE USUARIO","JSDIAZ","FIRST VISION","A","","",""
"RF798878","01/12/25 09:08:05","01/12/25 10:34:58","4 - Baja","Cerrado","DESBLOQUEO DE CLAVE FIRST DATA","JSDIAZ","FIRST DATA","A","","",""
"RF798907","01/12/25 09:25:33","04/12/25 08:37:05","4 - Baja","Cerrado","DESBLOQUEO DE FIRST DATA","JSDIAZ","FIRST DATA","B","","",""
"RF798926","01/12/25 09:34:26","01/12/25 12:32:09","4 - Baja","Cerrado","DESBLOQUEO FIRST DATA **UGR**","JSDIAZ","FIRST VISION","A","","",""
"RF798944","01/12/25 09:43:07","01/12/25 12:30:44","4 - Baja","Cerrado","**UGR**URGENTE DESBLOQUEO DE USUARIO FIRSDATA","JSDIAZ","FIRST DATA","A","","",""
"RF799021","01/12/25 11:14:12","01/12/25 12:33:27","4 - Baja","Cerrado","Desbloqueo de usuario First","JSDIAZ","FIRST VISION","A","","",""
"RF799078","01/12/25 12:23:29","01/12/25 15:29:34","4 - Baja","Cerrado","Solicitud clave First vision","JSDIAZ","FIRST VISION","A","","",""
"RF799097","01/12/25 13:18:02","05/12/25 14:31:08","4 - Baja","Cerrado","DESBLOQUEO USUARIO FISERV","JSDIAZ","FIRST VISION","B","","",""
"RF799518","02/12/25 09:58:22","04/12/25 08:41:09","4 - Baja","Cerrado","NEXA_ SOLICITUD DE DESBLOQUEO","JSDIAZ","FIRST DATA","C","","",""
"RF799651","02/12/25 12:04:18","05/12/25 15:08:34","4 - Baja","Cerrado","CREACION USUARIO  FIRST DATA","JSDIAZ","FIRST DATA","A","","",""
"RF799884","02/12/25 16:18:27","04/12/25 08:42:25","4 - Baja","Cerrado","DESBLOQUEO Y RESTABLECIMIENTO DE USUARIO","JSDIAZ","FIRST DATA","B","","",""
"RF799898","02/12/25 16:24:23","04/12/25 08:43:48","4 - Baja","Cerrado","DESBLOQUEO DE USUARIOS","JSDIAZ","FIRST DATA","A","","",""
"RF799899","02/12/25 16:24:28","03/12/25 12:01:06","4 - Baja","Cerrado","UGR **** SOLICITUD DESBLOQUEO DE USUARIO FIRST DATA","JSDIAZ","FIRST DATA","A","","",""
"RF800015","02/12/25 21:18:50","04/12/25 08:44:59","4 - Baja","Cerrado","SOLICITUD DESBLOQUEO DE USUARIO","JSDIAZ","FIRST VISION","A","","",""
"RF800027","03/12/25 07:26:22","04/12/25 14:10:48","4 - Baja","Cerrado","cambio de contraseña aplicativo first data","JSDIAZ","FIRST DATA","A","","",""
"RF800145","03/12/25 09:59:27","04/12/25 08:46:14","4 - Baja","Cerrado","DESBLOQUEO APLICATIVO","JSDIAZ","FIRST DATA","A","","",""
"RF800273","03/12/25 12:03:56","03/12/25 16:40:42","4 - Baja","Cerrado","Desbloqueo First Data","JSDIAZ","FIRST DATA","A","","",""
"RF800414","03/12/25 15:36:05","04/12/25 08:47:30","4 - Baja","Cerrado","Desbloquear usuario First Data","JSDIAZ","FIRST DATA","A","","",""
"RF800659","04/12/25 08:38:22","04/12/25 14:09:14","4 - Baja","Cerrado","asignacion nueva contraseña","JSDIAZ","FIRST VISION","C","","",""
"RF800719","04/12/25 09:24:28","04/12/25 14:12:02","4 - Baja","Cerrado","desbloqueo de usuario con cambio de clave","JSDIAZ","FIRST VISION","A","","",""
"RF800832","04/12/25 10:49:52","05/12/25 14:32:30","4 - Baja","Cerrado","NEXA_ SOLICTUD DE DESBLOQUEO  FIRST","JSDIAZ","FIRST DATA","C","","",""
"RF800893","04/12/25 11:49:48","04/12/25 14:13:15","4 - Baja","Cerrado","Desbloqueo de Fist data","JSDIAZ","FIRST DATA","A","","",""
"RF800896","04/12/25 11:54:09","04/12/25 14:15:37","4 - Baja","Cerrado","Desbloqueo de Clave de aplicativo First","JSDIAZ","FIRST VISION","C","","",""
"RF801126","04/12/25 15:36:18","05/12/25 15:18:33","4 - Baja","Cerrado","CREACION DE FIRST","JSDIAZ","FIRST DATA","A","","",""
"RF801319","05/12/25 07:33:33","10/12/25 08:48:31","4 - Baja","Cerrado","DESBLOQUEO Y CAMBIO DE CONTRASEÑA","JSDIAZ","FIRST DATA","A","","",""
"RF801540","05/12/25 11:00:12","05/12/25 14:33:56","4 - Baja","Cerrado","DESBLOQUEO FIRST DATA USUARIO NEXABPO","JSDIAZ","FIRST DATA","B","","",""
"RF801618","05/12/25 13:10:18","15/12/25 08:38:17","4 - Baja","Cerrado","DESBLOQUEO FIRST DATA","JSDIAZ","FIRST DATA","B","","",""
"RF801769","05/12/25 16:41:32","16/12/25 09:49:10","4 - Baja","Cerrado","Solicitud creación usuario first vision","JSDIAZ","FIRST VISION","A","","",""
"RF801776","05/12/25 16:45:56","09/12/25 09:57:52","4 - Baja","Cerrado","DESBLOQUEO FIRST DATA USUARIO NEXABPO","JSDIAZ","FIRST DATA","B","","",""
"RF801811","05/12/25 17:46:05","09/12/25 10:04:08","4 - Baja","Cerrado","FIRST DATA","JSDIAZ","FIRST DATA","B","","",""
"RF801831","06/12/25 09:40:51","09/12/25 10:07:18","4 - Baja","Cerrado","DESBLOQUEO Y RESTABLECIMIENTO DE USUARIO","JSDIAZ","FIRST DATA","B","","",""
"RF801839","06/12/25 10:40:19","10/12/25 09:37:19","4 - Baja","Cerrado","Creacion Firs Data","JSDIAZ","FIRST DATA","B","","",""
"RF801840","06/12/25 10:40:21","10/12/25 09:43:23","4 - Baja","Cerrado","creación de FIRST DATA","JSDIAZ","FIRST DATA","B","","",""
"RF801848","06/12/25 13:13:51","09/12/25 10:09:20","4 - Baja","Cerrado","DESBLOQUEO DE FIRST DATA","JSDIAZ","FIRST DATA","B","","",""
"RF801859","08/12/25 12:47:50","10/12/25 17:53:18","4 - Baja","Cerrado","FIRST DATA","JSDIAZ","FIRST DATA","B","","",""
"RF801860","08/12/25 12:59:00","10/12/25 17:53:58","4 - Baja","Cerrado","FIRST DATA","JSDIAZ","FIRST DATA","B","","",""
"RF801861","08/12/25 13:16:10","10/12/25 17:54:53","4 - Baja","Cerrado","FIRST DATA","JSDIAZ","FIRST DATA","B","","",""
"RF801862","08/12/25 13:36:20","10/12/25 17:55:35","4 - Baja","Cerrado","FIRST DATA","JSDIAZ","FIRST DATA","B","","",""
"RF801923","09/12/25 08:35:40","09/12/25 10:12:23","4 - Baja","Cerrado","DESBLOQUEO DE FIRST DATA","JSDIAZ","FIRST DATA","B","","",""
"RF801955","09/12/25 09:04:36","10/12/25 08:50:41","4 - Baja","Cerrado","DESBLOQUEO Y NUEVA CLAVE FIRST DATA","JSDIAZ","FIRST DATA","B","","",""
"RF802003","09/12/25 09:43:28","10/12/25 09:02:40","4 - Baja","Cerrado","CAMBIO DE CONTRASEÑA","JSDIAZ","FIRST DATA","A","","",""
"RF802079","09/12/25 14:52:35","16/12/25 08:19:26","4 - Baja","Cerrado","UGR_SOLICITUD DESBLOQUEO USUARIO FIRST DATA","JSDIAZ","FIRST DATA","A","","",""
"RF802100","09/12/25 15:06:39","10/12/25 09:04:13","4 - Baja","Cerrado","DESBLOQUEO DE FRIST DATA","JSDIAZ","FIRST DATA","B","","",""
"RF802165","09/12/25 15:38:22","10/12/25 09:06:15","4 - Baja","Cerrado","DESBLOQUEO USUARIO FIRSDATA NEXA_BPO","JSDIAZ","FIRST DATA","B","","",""
"RF802243","09/12/25 16:18:59","10/12/25 09:07:11","4 - Baja","Cerrado","DESBLOQUO USUARIO LMRAMIREZ FIRST DATA","JSDIAZ","FIRST DATA","A","","",""
"RF802258","09/12/25 16:26:38","15/12/25 08:39:41","4 - Baja","Cerrado","DESBLOQUEO Y NUEVA CLAVE APLICATIVO FIRST DATA","JSDIAZ","FIRST DATA","A","","",""
"RF802334","09/12/25 17:28:19","10/12/25 09:08:29","4 - Baja","Cerrado","Desbloqueo first","JSDIAZ","FIRST DATA","A","","",""
"RF802432","10/12/25 08:20:24","16/12/25 09:57:48","4 - Baja","Cerrado","CREACION USUARIO FIRST DATA","JSDIAZ","FIRST DATA","A","","",""
"RF802466","10/12/25 08:48:13","10/12/25 09:44:54","4 - Baja","Cerrado","DESBLOQUEO USUARIO LNOBLE V804LNP","JSDIAZ","FIRST VISION","A","","",""
"RF802481","10/12/25 09:00:46","10/12/25 16:31:11","4 - Baja","Cerrado","Desbloqueo","JSDIAZ","FIRST VISION","A","","",""
"RF802488","10/12/25 09:05:16","15/12/25 08:40:59","4 - Baja","Cerrado","Nexa BPO Desbloqueo usuario First Data","JSDIAZ","FIRST DATA","A","","",""
"RF802604","10/12/25 10:26:49","16/12/25 10:05:10","4 - Baja","Cerrado","Creacion de usuario FirsVision","JSDIAZ","FIRST VISION","A","","",""
"RF802630","10/12/25 10:42:17","15/12/25 08:42:19","4 - Baja","Cerrado","DESBLOQUEO FIRST DATA","JSDIAZ","FIRST DATA","A","","",""
"RF802673","10/12/25 11:14:50","15/12/25 08:43:31","4 - Baja","Cerrado","DESBLOQUEO DE FIRST DATA","JSDIAZ","FIRST DATA","B","","",""
"RF802871","10/12/25 15:14:39","10/12/25 17:37:16","4 - Baja","Cerrado","DESBLOQUEO CLAVE FIRST VISION","JSDIAZ","FIRST VISION","A","","",""
"RF802896","10/12/25 15:28:32","10/12/25 17:38:44","4 - Baja","Cerrado","DESBLOQUEO DE USUARIO Y CAMBIO DE CONTRASEÑA","JSDIAZ","FIRST VISION","A","","",""
"RF803018","10/12/25 16:48:47","15/12/25 08:44:39","4 - Baja","Cerrado","DESBLOQUEAR FIRTS DATA","JSDIAZ","FIRST DATA","B","","",""
"RF803083","10/12/25 20:44:40","17/12/25 08:20:03","4 - Baja","Cerrado","****UGR DESBLOQUEO FIRST DATA ********UGR*************","JSDIAZ","FIRST DATA","A","","",""
"RF803180","11/12/25 09:06:42","15/12/25 08:46:04","4 - Baja","Cerrado","DESBLOQUEO FIRST DATA","JSDIAZ","FIRST DATA","A","","",""
"RF803256","11/12/25 10:03:39","15/12/25 08:47:18","4 - Baja","Cerrado","Desbloqueo Usuario Firts Data","JSDIAZ","FIRST DATA","A","","",""
"RF803290","11/12/25 10:40:13","15/12/25 08:48:51","4 - Baja","Cerrado","DESBLOQUEO FIRST DATA","JSDIAZ","FIRST DATA","B","","",""
"RF803292","11/12/25 10:41:20","15/12/25 08:50:00","4 - Baja","Cerrado","FIRST DATA","JSDIAZ","FIRST DATA","B","","",""
"RF803415","11/12/25 18:29:56","15/12/25 08:51:11","4 - Baja","Cerrado","NEXA BPO-Desbloqueo y asignación de nueva clave","JSDIAZ","FIRST DATA","B","","",""
"RF803449","12/12/25 07:16:36","15/12/25 08:52:27","4 - Baja","Cerrado","DESBLOQUEO DE USUARIO","JSDIAZ","FIRST VISION","A","","",""
"RF803564","12/12/25 09:04:41","15/12/25 08:53:38","4 - Baja","Cerrado","DESBLOQUEO FIRSDATA NEXA_BPO","JSDIAZ","FIRST DATA","B","","",""
"RF803608","12/12/25 09:28:41","16/12/25 09:47:20","4 - Baja","Cerrado","solicitud creacion de usuario first vision","JSDIAZ","FIRST VISION","C","","",""
"RF803641","12/12/25 09:51:49","15/12/25 08:54:46","4 - Baja","Cerrado","DESBLOQUEAR USUARIO","JSDIAZ","FIRST DATA","A","","",""
"RF803698","12/12/25 10:13:13","16/12/25 08:21:36","4 - Baja","Cerrado","desbloqueo usuario FIRST VISION","JSDIAZ","FIRST VISION","A","","",""
"RF803702","12/12/25 10:15:32","15/12/25 08:55:51","4 - Baja","Cerrado","DESBLOQUEAR USUARIO FIRTS","JSDIAZ","FIRST VISION","C","","",""
"RF804016","12/12/25 16:25:59","19/12/25 09:27:06","4 - Baja","Cerrado","DESBLOQUE Y CAMBIO DE CONTRASEÑA FIRST DATA","JSDIAZ","FIRST DATA","B","","",""
"RF804070","12/12/25 20:41:01","16/12/25 08:25:00","4 - Baja","Cerrado","SOLICITUD DESBLOQUEO DE USUARIO","JSDIAZ","FIRST VISION","A","","",""
"RF804119","15/12/25 08:01:15","16/12/25 08:26:16","4 - Baja","Cerrado","UGR DESBLOQUEO USUARIO V804LSM","JSDIAZ","FIRST DATA","A","","",""
"RF804142","15/12/25 08:24:45","16/12/25 08:30:43","4 - Baja","Cerrado","DESBLOQUEO APLICACION FIRST DATA - NUEVA CLAVE","JSDIAZ","FIRST DATA","B","","",""
"RF804144","15/12/25 08:27:54","16/12/25 08:32:19","4 - Baja","Cerrado","DESBLOQUEO DE CLAVE FIRTS DATA","JSDIAZ","FIRST DATA","B","","",""
"RF804164","15/12/25 08:44:04","16/12/25 08:33:19","4 - Baja","Cerrado","DESBLOQUEAR USUARIO FIRSDATA **AREA UGR****","JSDIAZ","FIRST DATA","A","","",""
"RF804186","15/12/25 09:02:14","16/12/25 08:34:54","4 - Baja","Cerrado","DESBLOQUEO DE USUARIO","JSDIAZ","FIRST DATA","A","","",""
"RF804198","15/12/25 09:10:58","16/12/25 08:36:18","4 - Baja","Cerrado","Solicitud Desbloqueo FirstData V804AFM","JSDIAZ","FIRST VISION","A","","",""
"RF804289","15/12/25 10:30:22","18/12/25 10:50:06","4 - Baja","Cerrado","Desbloqueo FD","JSDIAZ","FIRST VISION","A","","",""
"RF804347","15/12/25 11:17:34","19/12/25 09:25:59","4 - Baja","Cerrado","DESBLOQUEO FIRST DATA","JSDIAZ","FIRST DATA","B","","",""
"RF804673","15/12/25 17:04:27","16/12/25 08:37:34","4 - Baja","Cerrado","UGR_DESBLOQUEO USUARIO FIRST DATA","JSDIAZ","FIRST VISION","A","","",""
"RF804732","16/12/25 08:03:05","18/12/25 10:51:32","4 - Baja","Cerrado","DESBLOQUEO FD","JSDIAZ","FIRST VISION","A","","",""
"RF804749","16/12/25 08:21:26","16/12/25 09:43:26","4 - Baja","Cerrado","desbloqueo usuario FD","JSDIAZ","FIRST DATA","A","","",""
"RF804829","16/12/25 09:56:38","17/12/25 10:47:18","4 - Baja","Cerrado","SOLICITUD DESBLOQUEO USUARIO FIRST VISION","JSDIAZ","FIRST VISION","A","","",""
"RF804833","16/12/25 09:58:49","26/12/25 09:01:47","4 - Baja","Cerrado","SOLICITUD DESBLOQUEO Y ASIGNACION NUEVA CLAVE SWIFT","JSDIAZ","SWIFT IZQUIERDO","A","","",""
"RF804865","16/12/25 10:39:40","17/12/25 08:21:44","4 - Baja","Cerrado","NEXABPO_DESBLOQUEO Y ASIGNACION DE NUEVA CONTRASEÑA","JSDIAZ","FIRST DATA","A","","",""
"RF804945","16/12/25 11:52:47","17/12/25 08:22:44","4 - Baja","Cerrado","DESBLOQUEO  FIRST DATA","JSDIAZ","FIRST DATA","B","","",""
"RF804960","16/12/25 12:08:28","17/12/25 10:48:29","4 - Baja","Cerrado","**UGR** DESBLOQUEO DE USUARIO FIRSDATA","JSDIAZ","FIRST DATA","A","","",""
"RF805006","16/12/25 13:05:27","17/12/25 08:23:47","4 - Baja","Cerrado","DESBLOQUEAR FIRST DATA","JSDIAZ","FIRST DATA","B","","",""
"RF805149","16/12/25 16:02:16","17/12/25 08:24:56","4 - Baja","Cerrado","desbloqueo de usuario  y cambio de contraseña","JSDIAZ","FIRST VISION","A","","",""
"RF805164","16/12/25 16:19:19","18/12/25 10:52:49","4 - Baja","Cerrado","DESBLOQUEO Y ASIGNACION DE NUEVA CONTRASEÑA","JSDIAZ","FIRST DATA","B","","",""
"RF805169","16/12/25 16:26:44","23/12/25 16:17:01","4 - Baja","Cerrado","Solicitud de creacion de Usuario de Firstdata","JSDIAZ","FIRST DATA","A","","",""
"RF805215","16/12/25 17:17:56","18/12/25 10:55:05","4 - Baja","Cerrado","DESBLOQUEO FIRST DATA NEXA BPO","JSDIAZ","FIRST DATA","B","","",""
"RF805244","16/12/25 18:48:38","19/12/25 09:24:58","4 - Baja","Cerrado","cambio clave first data","JSDIAZ","FIRST DATA","A","","",""
"RF805255","17/12/25 07:47:21","18/12/25 10:56:20","4 - Baja","Cerrado","DESBLOQUEAR USUARIO","JSDIAZ","FIRST DATA","C","","",""
"RF805259","17/12/25 08:04:37","17/12/25 10:49:34","4 - Baja","Cerrado","UGR ***DESBLOQUEO DE USUARIO CON CAMBIO DE CLAVE***","JSDIAZ","FIRST DATA","A","","",""
"RF805454","17/12/25 11:04:42","18/12/25 10:58:26","4 - Baja","Cerrado","NEXA BPO - DESBLOQUEO Y RESTABLECIMIENTO - FIRTS DATA -","JSDIAZ","FIRST DATA","B","","",""
"RF805558","17/12/25 13:06:06","18/12/25 11:00:11","4 - Baja","Cerrado","NEXA BPO-Desbloqueo y asignación de nueva clave","JSDIAZ","FIRST DATA","B","","",""
"RF805581","17/12/25 14:22:06","23/12/25 16:19:19","4 - Baja","Cerrado","solicitud de creación de usuario first data","JSDIAZ","FIRST DATA","A","","",""
"RF805621","17/12/25 14:47:24","23/12/25 16:35:10","4 - Baja","Cerrado","Creacion de usuario FIRSVISION","JSDIAZ","FIRST VISION","A","","",""
"RF805747","17/12/25 16:29:12","23/12/25 16:47:01","4 - Baja","Cerrado","Solicitud de Creación de Usuario Firstdata","JSDIAZ","FIRST DATA","A","","",""
"RF805830","18/12/25 08:11:09","19/12/25 09:23:30","4 - Baja","Cerrado","DESBLOQUEAR USUARIO FIRST DATA","JSDIAZ","FIRST DATA","A","","",""
"RF806067","18/12/25 12:02:23","23/12/25 16:51:01","4 - Baja","Cerrado","CREACION DE USUARIO DE FIRST DATA","JSDIAZ","FIRST DATA","A","","",""
"RF806068","18/12/25 12:02:24","22/12/25 14:07:02","4 - Baja","Cerrado","DESBLOQUEO DE USUARIO","JSDIAZ","FIRST DATA","A","","",""
"RF806095","18/12/25 12:27:11","19/12/25 09:02:53","4 - Baja","Cerrado","DEFENSORIA_ UGR_ DESBLOQUEO USUARIO FIRST DATA ADMUNOZ","JSDIAZ","FIRST DATA","A","","",""
"RF806144","18/12/25 14:20:23","19/12/25 09:04:37","4 - Baja","Cerrado","DESBLOQUEO FIRST DATA","JSDIAZ","FIRST DATA","A","","",""
"RF806348","18/12/25 18:13:05","23/12/25 16:52:04","4 - Baja","Cerrado","SOLICITUD USUARIO PARA FISRDATA","JSDIAZ","FIRST DATA","A","","",""
"RF806360","19/12/25 05:37:31","23/12/25 10:44:26","4 - Baja","Cerrado","DESBLOQUEO DE USUARIO","JSDIAZ","FIRST VISION","A","","",""
"RF806368","19/12/25 07:39:37","23/12/25 10:45:35","4 - Baja","Cerrado","DESBLOQUEO USUARIO FV","JSDIAZ","FIRST DATA","A","","",""
"RF806623","19/12/25 13:10:04","22/12/25 16:46:43","4 - Baja","Cerrado","DESBLOQUEO DE USUARIO","JSDIAZ","FIRST DATA","A","","",""
"RF806648","19/12/25 14:23:54","23/12/25 10:47:20","4 - Baja","Cerrado","SOLICITUD DESBLOQUEO DE USUARIO Y ASIGNACION DE CLAVE","JSDIAZ","FIRST VISION","C","","",""
"RF806718","19/12/25 15:29:22","23/12/25 10:59:22","4 - Baja","Cerrado","MODIFICACION DE PERFIL ***AREA UGR****","JSDIAZ","FIRST DATA","A","","",""
"RF806836","19/12/25 18:59:04","23/12/25 10:48:28","4 - Baja","Cerrado","NEXA BPO-DESBLOQUEO Y ASIGNACION DE NUEVA CONTRASEÑA","JSDIAZ","FIRST DATA","B","","",""
"RF806894","22/12/25 08:11:19","23/12/25 10:49:48","4 - Baja","Cerrado","desbloquear first data","JSDIAZ","FIRST DATA","B","","",""
"RF806955","22/12/25 09:10:37","22/12/25 14:04:34","4 - Baja","Cerrado","DESBLOQUEO DE USUARIO FD UGR","JSDIAZ","FIRST DATA","A","","",""
"RF807396","22/12/25 18:34:38","23/12/25 16:54:22","4 - Baja","Cerrado","DESBLOQUEO FIRST DATA","JSDIAZ","FIRST DATA","B","","",""
"RF807409","23/12/25 07:47:48","23/12/25 10:51:02","4 - Baja","Cerrado","DESBLOQUEO DE USUARIO CON CAMBIO DE CONTRASEÑA","JSDIAZ","FIRST DATA","B","","",""
"RF807457","23/12/25 09:12:51","23/12/25 10:52:46","4 - Baja","Cerrado","DESBLOQUEO FIRS DATA","JSDIAZ","FIRST DATA","B","","",""
"RF807499","23/12/25 09:49:43","23/12/25 11:05:28","4 - Baja","Cerrado","DESBLOQUEO DIRS DATA","JSDIAZ","FIRST DATA","A","","",""
"RF807532","23/12/25 10:29:05","29/12/25 12:55:14","4 - Baja","Cerrado","solicitud de clave de first data","JSDIAZ","FIRST DATA","C","","",""
"RF807575","23/12/25 10:59:35","23/12/25 16:05:31","4 - Baja","Cerrado","DESBLOQUEO Y CREACION DE TOKEN DIGITAL","JSDIAZ","SWIFT IZQUIERDO","A","","",""
"RF807679","23/12/25 14:33:36","24/12/25 10:32:45","4 - Baja","Cerrado","NEXA BPO DESBLOQUEO DE ASIGNACION DE NUEVA CONTRASEÑA FIRTS DATA","JSDIAZ","FIRST DATA","B","","",""
"RF807711","23/12/25 15:19:11","24/12/25 10:30:17","4 - Baja","Cerrado","DESBLOQUEO DE USUARIO DE FIRST DATA","JSDIAZ","FIRST DATA","A","","",""
"RF807906","24/12/25 09:22:48","29/12/25 09:02:53","4 - Baja","Cerrado","Solicitud de desbloqueo y reasignación de clave First Data","JSDIAZ","FIRST DATA","A","","",""
"RF808086","24/12/25 12:10:50","30/12/25 17:48:19","4 - Baja","Cerrado","DESBLOQUEAR USUARIO Y CLAVE FIRST DATA","JSDIAZ","FIRST DATA","B","","",""
"RF808106","24/12/25 12:46:46","30/12/25 17:49:17","4 - Baja","Cerrado","NEXA DESBLOQUEO FRIST","JSDIAZ","FIRST DATA","A","","",""
"RF808314","26/12/25 10:20:45","29/12/25 09:01:04","4 - Baja","Cerrado","DESBLOQUEO FIRS DATA","JSDIAZ","FIRST DATA","A","","",""
"RF808388","26/12/25 12:01:40","29/12/25 12:56:15","4 - Baja","Cerrado","Desbloqueo de usuario firsvision","JSDIAZ","FIRST VISION","A","","",""
"RF808446","26/12/25 14:15:11","05/01/26 09:28:13","4 - Baja","Cerrado","SOLICITUD USUARIO PARA FISRDATA","JSDIAZ","FIRST DATA","A","","",""
"RF808466","26/12/25 14:44:39","29/12/25 08:59:43","4 - Baja","Cerrado","Desloquear usuario de First Data","JSDIAZ","FIRST DATA","A","","",""
"RF808562","26/12/25 17:25:54","29/12/25 12:57:05","4 - Baja","Cerrado","DESBLOQUEO DE USURARIO_ FIRST DATA","JSDIAZ","FIRST DATA","B","","",""
"RF808603","29/12/25 07:25:10","29/12/25 09:07:14","4 - Baja","Cerrado","DESBLOQUEO DE USUARIO DE FIRST DATA","JSDIAZ","FIRST DATA","A","","",""
"RF808889","29/12/25 12:26:52","05/01/26 08:19:03","4 - Baja","Cerrado","DESBLOQUEO Y RESTABLECIMIENTO DE CONTRASEÑA","JSDIAZ","FIRST DATA","B","","",""
"RF808927","29/12/25 14:07:31","30/12/25 11:05:38","4 - Baja","Cerrado","Desbloqueo de firts data","JSDIAZ","FIRST DATA","A","","",""
"RF809017","29/12/25 15:59:39","07/01/26 12:06:37","4 - Baja","Cerrado","Desbloqueo de la clave de First Vision","JSDIAZ","FIRST VISION","A","","",""
"RF809048","29/12/25 16:41:29","05/01/26 08:20:15","4 - Baja","Cerrado","DESBLOQUEO Y RESTABLECIMIENTO DE USUARIO FIRST DATA","JSDIAZ","FIRST DATA","B","","",""
"RF809107","29/12/25 22:12:54","05/01/26 08:21:37","4 - Baja","Cerrado","DESBLOQIUEO DE USUARIO","JSDIAZ","FIRST VISION","A","","",""
"RF809136","30/12/25 08:23:29","30/12/25 17:45:49","4 - Baja","Cerrado","DESBLOQUEAR FIRST USUARIO","JSDIAZ","FIRST DATA","B","","",""
"RF809207","30/12/25 09:49:12","30/12/25 11:07:25","4 - Baja","Cerrado","DOCIT - DESBLOQUEO USUARIO","JSDIAZ","FIRST DATA","A","","",""
"RF809209","30/12/25 09:49:17","30/12/25 17:51:16","4 - Baja","Cerrado","DESBLOQUEO USUARIO FIRSTVISION","JSDIAZ","FIRST VISION","C","","",""
"RF809217","30/12/25 09:56:45","05/01/26 08:22:54","4 - Baja","Cerrado","DESBLQOUEO DE USUARIO FIRS DATA","JSDIAZ","FIRST DATA","A","","",""
"RF809293","30/12/25 11:12:27","30/12/25 17:47:21","4 - Baja","Cerrado","DESBLOQUEO USUARIO FIRTS DATA","JSDIAZ","FIRST DATA","A","","",""
"RF809346","30/12/25 11:56:43","05/01/26 08:24:07","4 - Baja","Cerrado","DESBLOQUEO Y ASIGNACIÓN DE NUEVA CONTRASEÑA FIRST DATA USUARIO NEXABPO","JSDIAZ","FIRST DATA","B","","",""
"RF809402","30/12/25 14:09:41","05/01/26 08:26:33","4 - Baja","Cerrado","Solicitud Desbloqueo de Usuario First Vision Producción","JSDIAZ","FIRST VISION","A","","",""
"RF809525","30/12/25 17:29:44","02/01/26 08:42:11","4 - Baja","Cerrado","UGR_SOLICITUD DESBLOQUEO USUARIO","JSDIAZ","FIRST DATA","A","","",""
"RF809559","30/12/25 19:21:32","05/01/26 08:27:50","4 - Baja","Cerrado","DESBLOQUEO USUARIO - FIRSTDATA","JSDIAZ","FIRST DATA","A","","",""
